{
  "covid": {
    "auth": 0.547905366805523,
    "urg": 0.5187456791655398
  },
  "climate": {
    "auth": 0.5482383805669985,
    "urg": 0.5171466380421876
  }
}