feature,covid_mean,climate_mean,p_value,test
authority_count,0.21950646298472384,0.4644725370531822,1.4285946329648774e-58,mann-whitney
authority_to_doubt_ratio,0.21245593419506462,0.43926184248764893,4.880957256933492e-57,mann-whitney
has_authority,18.70740305522914,33.108108108108105,2.7148602296630434e-53,chi-squared
urgency_count,0.08155111633372503,0.10353095030514385,0.017795290300488868,mann-whitney
has_urgency,7.7555816686251475,9.11072362685266,0.024454037073178527,chi-squared
doubt_count,0.07215041128084607,0.07476024411508282,0.9775569226160016,mann-whitney
has_doubt,6.862514688601645,6.865736704446382,1.0,chi-squared
