feature,covid_mean,climate_mean,p_value,test,covid_rate,climate_rate,adjusted_p_value
urgency,0.26383078730904813,0.20438099389712294,7.347554020499758e-05,mann-whitney,,,8.572146357249716e-05
authority,0.04561692126909518,0.11244551002615519,3.232486125677115e-79,mann-whitney,,,2.2627402879739803e-78
doubt,0.40082256169212693,0.46591107236268536,2.4233316765775185e-41,mann-whitney,,,4.240830434010657e-41
authority_to_doubt_ratio,70.59584626001968,130.99750285538096,1.6871031432316241e-77,mann-whitney,,,5.904861001310684e-77
urgency_presence,,,0.04343092457434688,chi-squared,0.49964747356051703,0.5213600697471665,0.04343092457434688
authority_presence,,,1.0147840051506372e-73,chi-squared,0.16216216216216217,0.3295553618134263,2.3678293453514865e-73
doubt_presence,,,1.229459353041962e-19,chi-squared,0.8933019976498238,0.9457279860505667,1.7212430942587469e-19
