feature,covid_mean,climate_mean,p_value,test
authority_count,0.22070588235294117,0.47811645173896056,2.8149921970741073e-65,mann-whitney
authority_to_doubt_ratio,0.21376470588235294,0.4519669141591767,2.500380820300711e-63,mann-whitney
has_authority,18.823529411764707,33.80226651035561,2.956257030733063e-59,chi-squared
urgency_count,0.08094117647058824,0.11625635013677217,1.8157626863877324e-05,mann-whitney
has_urgency,7.717647058823529,10.218835482610395,3.214957106891135e-05,chi-squared
doubt_count,0.07176470588235294,0.08323563892145369,0.10866100151237913,mann-whitney
has_doubt,6.8235294117647065,7.678780773739742,0.12229199835793243,chi-squared
