feature,covid_mean,climate_mean,p_value,test,covid_rate,climate_rate
urgency,0.26383078730904813,0.20438099389712294,7.347554020499754e-05,mann-whitney,,
authority,0.04561692126909518,0.11244551002615519,3.2324861256771144e-79,mann-whitney,,
doubt,0.40082256169212693,0.46591107236268536,2.423331676577518e-41,mann-whitney,,
authority_to_doubt_ratio,70.59584626001968,130.99750285538096,1.6871031432316235e-77,mann-whitney,,
urgency_presence,,,0.043430924574346906,chi-squared,0.49964747356051703,0.5213600697471665
authority_presence,,,1.0147840051506365e-73,chi-squared,0.16216216216216217,0.3295553618134263
doubt_presence,,,1.229459353041962e-19,chi-squared,0.8933019976498238,0.9457279860505667
