{
  "numeric_test": "mann_whitney_u",
  "numeric_effect_size": "rank_biserial_correlation",
  "domains": {
    "covid": {
      "rows": 4252,
      "mean_char_count": 93.1340545625588,
      "median_char_count": 80.0,
      "mean_word_count": 15.687206020696143,
      "median_word_count": 13.0,
      "source_counts": {
        "cdl": 2483,
        "princeton": 1769
      },
      "dataset_counts": {
        "covid_19_rumor": 2483,
        "jns-covid_misinfo": 1769
      }
    },
    "climate": {
      "rows": 4588,
      "mean_char_count": 254.115518744551,
      "median_char_count": 184.0,
      "mean_word_count": 43.15431560592851,
      "median_word_count": 32.0,
      "source_counts": {
        "quotaclimat": 3554,
        "climatecheck": 781,
        "cdl": 251,
        "climate_fever_direct": 2
      },
      "dataset_counts": {
        "quotaclimat": 3554,
        "climatecheck": 781,
        "climate_fever": 251,
        "climate_fever_direct": 2
      }
    }
  },
  "dominant_emotions": {
    "covid": {
      "counts": {
        "anger": 343,
        "disgust": 276,
        "fear": 478,
        "joy": 97,
        "neutral": 2428,
        "sadness": 468,
        "surprise": 162
      },
      "percentages": {
        "anger": 0.08066792097836312,
        "disgust": 0.06491063029162747,
        "fear": 0.11241768579492004,
        "joy": 0.022812793979303858,
        "neutral": 0.5710253998118533,
        "sadness": 0.11006585136406397,
        "surprise": 0.0380997177798683
      }
    },
    "climate": {
      "counts": {
        "anger": 584,
        "disgust": 185,
        "fear": 539,
        "joy": 202,
        "neutral": 2487,
        "sadness": 252,
        "surprise": 339
      },
      "percentages": {
        "anger": 0.12728857890148212,
        "disgust": 0.04032258064516129,
        "fear": 0.11748038360941587,
        "joy": 0.044027898866608545,
        "neutral": 0.5420662598081953,
        "sadness": 0.05492589363557106,
        "surprise": 0.07388840453356582
      }
    },
    "expected_counts": {
      "covid": {
        "anger": 445.8828054298643,
        "disgust": 221.73891402714932,
        "fear": 489.17239819004527,
        "joy": 143.81764705882352,
        "neutral": 2364.0927601809954,
        "sadness": 346.31674208144796,
        "surprise": 240.9787330316742
      },
      "climate": {
        "anger": 481.1171945701357,
        "disgust": 239.26108597285068,
        "fear": 527.8276018099548,
        "joy": 155.18235294117648,
        "neutral": 2550.9072398190046,
        "sadness": 373.68325791855204,
        "surprise": 260.0212669683258
      }
    }
  },
  "available_trust_cue_columns": [
    "auth_score",
    "urg_score"
  ],
  "missing_trust_cue_columns": [],
  "top_findings": [
    {
      "feature_group": "corpus",
      "feature": "char_count",
      "test": "mann_whitney_u",
      "statistic_name": "u",
      "covid_n": 4252,
      "climate_n": 4588,
      "covid_mean": 93.1340545625588,
      "climate_mean": 254.115518744551,
      "covid_median": 80.0,
      "climate_median": 184.0,
      "mean_difference": -160.98146418199218,
      "median_difference": -104.0,
      "statistic": 3321675.5,
      "p_value": 0.0,
      "effect_size": -0.6594581164328228,
      "effect_size_name": "rank_biserial_correlation",
      "notes": "means_are_descriptive_only",
      "adjusted_p_value": 0.0,
      "significant_0_05": true,
      "fdr_significant_0_05": true
    },
    {
      "feature_group": "corpus",
      "feature": "word_count",
      "test": "mann_whitney_u",
      "statistic_name": "u",
      "covid_n": 4252,
      "climate_n": 4588,
      "covid_mean": 15.687206020696143,
      "climate_mean": 43.15431560592851,
      "covid_median": 13.0,
      "climate_median": 32.0,
      "mean_difference": -27.467109585232365,
      "median_difference": -19.0,
      "statistic": 3295292.5,
      "p_value": 0.0,
      "effect_size": -0.6621629310705419,
      "effect_size_name": "rank_biserial_correlation",
      "notes": "means_are_descriptive_only",
      "adjusted_p_value": 0.0,
      "significant_0_05": true,
      "fdr_significant_0_05": true
    },
    {
      "feature_group": "vader",
      "feature": "vader_pos",
      "test": "mann_whitney_u",
      "statistic_name": "u",
      "covid_n": 4252,
      "climate_n": 4588,
      "covid_mean": 0.05637982126058325,
      "climate_mean": 0.09097122929380994,
      "covid_median": 0.0,
      "climate_median": 0.079,
      "mean_difference": -0.03459140803322668,
      "median_difference": -0.079,
      "statistic": 6738382.5,
      "p_value": 6.74626136865494e-156,
      "effect_size": -0.3091734973069753,
      "effect_size_name": "rank_biserial_correlation",
      "notes": "means_are_descriptive_only",
      "adjusted_p_value": 3.5980060632826344e-155,
      "significant_0_05": true,
      "fdr_significant_0_05": true
    },
    {
      "feature_group": "trust_cue",
      "feature": "auth_score",
      "test": "mann_whitney_u",
      "statistic_name": "u",
      "covid_n": 4252,
      "climate_n": 4588,
      "covid_mean": 0.047271872060206964,
      "climate_mean": 0.10516564952048824,
      "covid_median": 0.0,
      "climate_median": 0.0,
      "mean_difference": -0.05789377746028127,
      "median_difference": 0.0,
      "statistic": 8314095.0,
      "p_value": 4.9711730924826924e-58,
      "effect_size": -0.14762969126380654,
      "effect_size_name": "rank_biserial_correlation",
      "notes": "means_are_descriptive_only",
      "adjusted_p_value": 1.988469236993077e-57,
      "significant_0_05": true,
      "fdr_significant_0_05": true
    },
    {
      "feature_group": "emotion",
      "feature": "anger",
      "test": "mann_whitney_u",
      "statistic_name": "u",
      "covid_n": 4252,
      "climate_n": 4588,
      "covid_mean": 0.09985805429173902,
      "climate_mean": 0.14160448073748944,
      "covid_median": 0.02949493099004025,
      "climate_median": 0.0496424008160829,
      "mean_difference": -0.04174642644575041,
      "median_difference": -0.02014746982604265,
      "statistic": 7907429.0,
      "p_value": 1.551497251463535e-53,
      "effect_size": -0.18932154395162315,
      "effect_size_name": "rank_biserial_correlation",
      "notes": "means_are_descriptive_only",
      "adjusted_p_value": 4.964791204683311e-53,
      "significant_0_05": true,
      "fdr_significant_0_05": true
    },
    {
      "feature_group": "vader",
      "feature": "vader_compound",
      "test": "mann_whitney_u",
      "statistic_name": "u",
      "covid_n": 4252,
      "climate_n": 4588,
      "covid_mean": -0.09343261994355596,
      "climate_mean": 0.05576399302528334,
      "covid_median": 0.0,
      "climate_median": 0.0,
      "mean_difference": -0.1491966129688393,
      "median_difference": 0.0,
      "statistic": 7935250.5,
      "p_value": 7.779665661930624e-53,
      "effect_size": -0.18646925268666836,
      "effect_size_name": "rank_biserial_correlation",
      "notes": "means_are_descriptive_only",
      "adjusted_p_value": 2.0745775098481665e-52,
      "significant_0_05": true,
      "fdr_significant_0_05": true
    },
    {
      "feature_group": "emotion_distribution",
      "feature": "dominant_emotion",
      "test": "chi_square",
      "statistic_name": "chi2",
      "covid_n": 4252,
      "climate_n": 4588,
      "covid_mean": NaN,
      "climate_mean": NaN,
      "covid_median": NaN,
      "climate_median": NaN,
      "mean_difference": NaN,
      "median_difference": NaN,
      "statistic": 236.76181457754507,
      "p_value": 2.758642535919183e-48,
      "effect_size": 0.1636551578741633,
      "effect_size_name": "cramers_v",
      "notes": "dof=6",
      "adjusted_p_value": 6.30546865352956e-48,
      "significant_0_05": true,
      "fdr_significant_0_05": true
    },
    {
      "feature_group": "emotion",
      "feature": "sadness",
      "test": "mann_whitney_u",
      "statistic_name": "u",
      "covid_n": 4252,