{
  "numeric_test": "mann_whitney_u",
  "numeric_effect_size": "rank_biserial_correlation",
  "domains": {
    "covid": {
      "rows": 4242,
      "mean_char_count": 93.27887788778878,
      "median_char_count": 80.0,
      "mean_word_count": 15.68906176331919,
      "median_word_count": 13.0,
      "source_counts": {
        "cdl": 2473,
        "princeton": 1769
      },
      "dataset_counts": {
        "covid_19_rumor": 2473,
        "jns-covid_misinfo": 1769
      }
    },
    "climate": {
      "rows": 5118,
      "mean_char_count": 287.8743649863228,
      "median_char_count": 220.0,
      "mean_word_count": 49.017780382962094,
      "median_word_count": 38.0,
      "source_counts": {
        "quotaclimat": 4865,
        "cdl": 251,
        "climate_fever_direct": 2
      },
      "dataset_counts": {
        "quotaclimat": 4865,
        "climate_fever": 251,
        "climate_fever_direct": 2
      }
    }
  },
  "dominant_emotions": {
    "covid": {
      "counts": {
        "anger": 343,
        "disgust": 238,
        "fear": 477,
        "joy": 87,
        "neutral": 2156,
        "sadness": 455,
        "surprise": 486
      },
      "percentages": {
        "anger": 0.08085808580858085,
        "disgust": 0.056105610561056105,
        "fear": 0.11244695898161244,
        "joy": 0.02050919377652051,
        "neutral": 0.5082508250825083,
        "sadness": 0.10726072607260725,
        "surprise": 0.11456859971711457
      }
    },
    "climate": {
      "counts": {
        "anger": 754,
        "disgust": 146,
        "fear": 635,
        "joy": 270,
        "neutral": 2333,
        "sadness": 285,
        "surprise": 695
      },
      "percentages": {
        "anger": 0.14732317311449786,
        "disgust": 0.028526768268855023,
        "fear": 0.12407190308714341,
        "joy": 0.05275498241500586,
        "neutral": 0.4558421258304025,
        "sadness": 0.05568581477139507,
        "surprise": 0.1357952325127003
      }
    },
    "expected_counts": {
      "covid": {
        "anger": 497.16602564102567,
        "disgust": 174.03076923076924,
        "fear": 503.9641025641026,
        "joy": 161.79423076923078,
        "neutral": 2034.4378205128205,
        "sadness": 335.37179487179486,
        "surprise": 535.2352564102564
      },
      "climate": {
        "anger": 599.8339743589744,
        "disgust": 209.96923076923076,
        "fear": 608.0358974358975,
        "joy": 195.20576923076922,
        "neutral": 2454.5621794871795,
        "sadness": 404.62820512820514,
        "surprise": 645.7647435897436
      }
    }
  },
  "available_trust_cue_columns": [],
  "missing_trust_cue_columns": [
    "auth_score",
    "urg_score"
  ],
  "top_findings": [
    {
      "feature_group": "corpus",
      "feature": "char_count",
      "test": "mann_whitney_u",
      "statistic_name": "u",
      "covid_n": 4242,
      "climate_n": 5118,
      "covid_mean": 93.27887788778878,
      "climate_mean": 287.8743649863228,
      "covid_median": 80.0,
      "climate_median": 220.0,
      "mean_difference": -194.59548709853402,
      "median_difference": -140.0,
      "statistic": 2769706.5,
      "p_value": 0.0,
      "effect_size": -0.7448516288574093,
      "effect_size_name": "rank_biserial_correlation",
      "notes": "means_are_descriptive_only",
      "adjusted_p_value": 0.0,
      "significant_0_05": true,
      "fdr_significant_0_05": true
    },
    {
      "feature_group": "corpus",
      "feature": "word_count",
      "test": "mann_whitney_u",
      "statistic_name": "u",
      "covid_n": 4242,
      "climate_n": 5118,
      "covid_mean": 15.68906176331919,
      "climate_mean": 49.017780382962094,
      "covid_median": 13.0,
      "climate_median": 38.0,
      "mean_difference": -33.328718619642906,
      "median_difference": -25.0,
      "statistic": 2626962.0,
      "p_value": 0.0,
      "effect_size": -0.7580014072417123,
      "effect_size_name": "rank_biserial_correlation",
      "notes": "means_are_descriptive_only",
      "adjusted_p_value": 0.0,
      "significant_0_05": true,
      "fdr_significant_0_05": true
    },
    {
      "feature_group": "vader",
      "feature": "vader_pos",
      "test": "mann_whitney_u",
      "statistic_name": "u",
      "covid_n": 4242,
      "climate_n": 5118,
      "covid_mean": 0.059321782178217826,
      "climate_mean": 0.09603868698710434,
      "covid_median": 0.0,
      "climate_median": 0.086,
      "mean_difference": -0.036716904808886515,
      "median_difference": -0.086,
      "statistic": 7257594.5,
      "p_value": 1.1404984112216372e-182,
      "effect_size": -0.33142251170352344,
      "effect_size_name": "rank_biserial_correlation",
      "notes": "means_are_descriptive_only",
      "adjusted_p_value": 5.322325919034307e-182,
      "significant_0_05": true,
      "fdr_significant_0_05": true
    },
    {
      "feature_group": "emotion",
      "feature": "sadness",
      "test": "mann_whitney_u",
      "statistic_name": "u",
      "covid_n": 4242,
      "climate_n": 5118,
      "covid_mean": 0.12695162010533692,
      "climate_mean": 0.07835113766216072,
      "covid_median": 0.041645405814051545,
      "climate_median": 0.0246149636805057,
      "mean_difference": 0.048600482443176204,
      "median_difference": 0.017030442133545844,
      "statistic": 13175918.0,
      "p_value": 3.9840928271299296e-71,
      "effect_size": 0.21377987740157378,
      "effect_size_name": "rank_biserial_correlation",
      "notes": "means_are_descriptive_only",
      "adjusted_p_value": 1.3944324894954753e-70,
      "significant_0_05": true,
      "fdr_significant_0_05": true
    },
    {
      "feature_group": "emotion",
      "feature": "anger",
      "test": "mann_whitney_u",
      "statistic_name": "u",
      "covid_n": 4242,
      "climate_n": 5118,
      "covid_mean": 0.10029613047396697,
      "climate_mean": 0.15550248571062852,
      "covid_median": 0.030303594656288547,
      "climate_median": 0.05543471127748485,
      "mean_difference": -0.05520635523666155,
      "median_difference": -0.025131116621196305,
      "statistic": 8590420.0,
      "p_value": 7.770415211150767e-68,
      "effect_size": -0.20864117897303047,
      "effect_size_name": "rank_biserial_correlation",
      "notes": "means_are_descriptive_only",
      "adjusted_p_value": 2.1757162591222147e-67,
      "significant_0_05": true,
      "fdr_significant_0_05": true
    },
    {
      "feature_group": "vader",
      "feature": "vader_compound",
      "test": "mann_whitney_u",
      "statistic_name": "u",
      "covid_n": 4242,
      "climate_n": 5118,
      "covid_mean": -0.09340426685525696,
      "climate_mean": 0.07844525205158265,
      "covid_median": 0.0,
      "climate_median": 0.0516,
      "mean_difference": -0.1718495189068396,
      "median_difference": -0.0516,
      "statistic": 8708604.0,
      "p_value": 8.521917319270817e-62,
      "effect_size": -0.1977539405255213,
      "effect_size_name": "rank_biserial_correlation",
      "notes": "means_are_descriptive_only",
      "adjusted_p_value": 1.988447374496524e-61,
      "significant_0_05": true,
      "fdr_significant_0_05": true
    },
    {
      "feature_group": "emotion_distribution",
      "feature": "dominant_emotion",
      "test": "chi_square",
      "statistic_name": "chi2",
      "covid_n": 4242,
      "climate_n": 5118,
      "covid_mean": NaN,
      "climate_mean": NaN,
      "covid_median": NaN,
      "climate_median": NaN,
      "mean_difference": NaN,
      "median_difference": NaN,
      "statistic": 295.9093655876011,
      "p_value": 6.1545398864752656e-61,
      "effect_size": 0.17780396075513558,
      "effect_size_name": "cramers_v",
      "notes": "dof=6",
      "adjusted_p_value": 1.2309079772950531e-60,
      "significant_0_05": true,
      "fdr_significant_0_05": true
    },
    {
      "feature_group": "emotion",
      "feature": "joy",
      "test": "mann_whitney_u",
      "statistic_name": "u",
      "covid_n": 4242,