{
  "numeric_test": "mann_whitney_u",
  "numeric_effect_size": "rank_biserial_correlation",
  "domains": {
    "covid": {
      "rows": 4255,
      "mean_char_count": 93.124089306698,
      "median_char_count": 80.0,
      "mean_word_count": 15.684841363102233,
      "median_word_count": 13.0,
      "source_counts": {
        "cdl": 2481,
        "princeton": 1774
      },
      "dataset_counts": {
        "covid_19_rumor": 2481,
        "jns-covid_misinfo": 1774
      }
    },
    "climate": {
      "rows": 4588,
      "mean_char_count": 254.115518744551,
      "median_char_count": 184.0,
      "mean_word_count": 43.15431560592851,
      "median_word_count": 32.0,
      "source_counts": {
        "quotaclimat": 3554,
        "climatecheck": 781,
        "cdl": 251,
        "climate_fever_direct": 2
      },
      "dataset_counts": {
        "quotaclimat": 3554,
        "climatecheck": 781,
        "climate_fever": 251,
        "climate_fever_direct": 2
      }
    }
  },
  "dominant_emotions": {
    "covid": {
      "counts": {
        "anger": 348,
        "disgust": 277,
        "fear": 480,
        "joy": 98,
        "neutral": 2426,
        "sadness": 465,
        "surprise": 161
      },
      "percentages": {
        "anger": 0.081786133960047,
        "disgust": 0.06509988249118684,
        "fear": 0.1128084606345476,
        "joy": 0.023031727379553467,
        "neutral": 0.5701527614571092,
        "sadness": 0.10928319623971798,
        "surprise": 0.03783783783783784
      }
    },
    "climate": {
      "counts": {
        "anger": 584,
        "disgust": 185,
        "fear": 539,
        "joy": 202,
        "neutral": 2487,
        "sadness": 252,
        "surprise": 339
      },
      "percentages": {
        "anger": 0.12728857890148212,
        "disgust": 0.04032258064516129,
        "fear": 0.11748038360941587,
        "joy": 0.044027898866608545,
        "neutral": 0.5420662598081953,
        "sadness": 0.05492589363557106,
        "surprise": 0.07388840453356582
      }
    },
    "expected_counts": {
      "covid": {
        "anger": 448.45188284518827,
        "disgust": 222.30125523012552,
        "fear": 490.31380753138075,
        "joy": 144.35146443514645,
        "neutral": 2363.9958158995814,
        "sadness": 345.0,
        "surprise": 240.5857740585774
      },
      "climate": {
        "anger": 483.54811715481173,
        "disgust": 239.69874476987448,
        "fear": 528.6861924686192,
        "joy": 155.64853556485355,
        "neutral": 2549.0041841004186,
        "sadness": 372.0,
        "surprise": 259.4142259414226
      }
    }
  },
  "available_trust_cue_columns": [
    "auth_score",
    "urg_score"
  ],
  "missing_trust_cue_columns": [],
  "top_findings": [
    {
      "feature_group": "corpus",
      "feature": "char_count",
      "test": "mann_whitney_u",
      "statistic_name": "u",
      "covid_n": 4255,
      "climate_n": 4588,
      "covid_mean": 93.124089306698,
      "climate_mean": 254.115518744551,
      "covid_median": 80.0,
      "climate_median": 184.0,
      "mean_difference": -160.99142943785301,
      "median_difference": -104.0,
      "statistic": 3322744.0,
      "p_value": 0.0,
      "effect_size": -0.6595887498885868,
      "effect_size_name": "rank_biserial_correlation",
      "notes": "means_are_descriptive_only",
      "adjusted_p_value": 0.0,
      "significant_0_05": true,
      "fdr_significant_0_05": true
    },
    {
      "feature_group": "corpus",
      "feature": "word_count",
      "test": "mann_whitney_u",
      "statistic_name": "u",
      "covid_n": 4255,
      "climate_n": 4588,
      "covid_mean": 15.684841363102233,
      "climate_mean": 43.15431560592851,
      "covid_median": 13.0,
      "climate_median": 32.0,
      "mean_difference": -27.469474242826276,
      "median_difference": -19.0,
      "statistic": 3296180.0,
      "p_value": 0.0,
      "effect_size": -0.6623102007280014,
      "effect_size_name": "rank_biserial_correlation",
      "notes": "means_are_descriptive_only",
      "adjusted_p_value": 0.0,
      "significant_0_05": true,
      "fdr_significant_0_05": true
    },
    {
      "feature_group": "vader",
      "feature": "vader_pos",
      "test": "mann_whitney_u",
      "statistic_name": "u",
      "covid_n": 4255,
      "climate_n": 4588,
      "covid_mean": 0.05682138660399531,
      "climate_mean": 0.09097122929380994,
      "covid_median": 0.0,
      "climate_median": 0.079,
      "mean_difference": -0.03414984268981463,
      "median_difference": -0.079,
      "statistic": 6769517.5,
      "p_value": 3.5234450050447e-153,
      "effect_size": -0.3064708220596929,
      "effect_size_name": "rank_biserial_correlation",
      "notes": "means_are_descriptive_only",
      "adjusted_p_value": 1.8791706693571733e-152,
      "significant_0_05": true,
      "fdr_significant_0_05": true
    },
    {
      "feature_group": "trust_cue",
      "feature": "auth_score",
      "test": "mann_whitney_u",
      "statistic_name": "u",
      "covid_n": 4255,
      "climate_n": 4588,
      "covid_mean": 0.04561692126909518,
      "climate_mean": 0.11244551002615519,
      "covid_median": 0.0,
      "climate_median": 0.0,
      "mean_difference": -0.06682858875706,
      "median_difference": 0.0,
      "statistic": 8045870.5,
      "p_value": 3.232486125677115e-79,
      "effect_size": -0.1757099448108128,
      "effect_size_name": "rank_biserial_correlation",
      "notes": "means_are_descriptive_only",
      "adjusted_p_value": 1.292994450270846e-78,
      "significant_0_05": true,
      "fdr_significant_0_05": true
    },
    {
      "feature_group": "emotion",
      "feature": "anger",
      "test": "mann_whitney_u",
      "statistic_name": "u",
      "covid_n": 4255,
      "climate_n": 4588,
      "covid_mean": 0.10033296240887905,
      "climate_mean": 0.14160448384973431,
      "covid_median": 0.0295566208660602,
      "climate_median": 0.0496424008160829,
      "mean_difference": -0.04127152144085526,
      "median_difference": -0.020085779950022697,
      "statistic": 7921856.0,
      "p_value": 4.637047354454779e-53,
      "effect_size": -0.18841508579577648,
      "effect_size_name": "rank_biserial_correlation",
      "notes": "means_are_descriptive_only",
      "adjusted_p_value": 1.4838551534255291e-52,
      "significant_0_05": true,
      "fdr_significant_0_05": true
    },
    {
      "feature_group": "vader",
      "feature": "vader_compound",
      "test": "mann_whitney_u",
      "statistic_name": "u",
      "covid_n": 4255,
      "climate_n": 4588,
      "covid_mean": -0.09246895417156285,
      "climate_mean": 0.05576399302528334,
      "covid_median": 0.0,
      "climate_median": 0.0,
      "mean_difference": -0.1482329471968462,
      "median_difference": 0.0,
      "statistic": 7952668.0,
      "p_value": 3.411665152363657e-52,
      "effect_size": -0.18525843230744488,
      "effect_size_name": "rank_biserial_correlation",
      "notes": "means_are_descriptive_only",
      "adjusted_p_value": 9.097773739636419e-52,
      "significant_0_05": true,
      "fdr_significant_0_05": true
    },
    {
      "feature_group": "emotion_distribution",
      "feature": "dominant_emotion",
      "test": "chi_square",
      "statistic_name": "chi2",
      "covid_n": 4255,
      "climate_n": 4588,
      "covid_mean": NaN,
      "climate_mean": NaN,
      "covid_median": NaN,
      "climate_median": NaN,
      "mean_difference": NaN,
      "median_difference": NaN,
      "statistic": 232.7412475310812,
      "p_value": 1.9906760764695443e-47,
      "effect_size": 0.1622321285852443,
      "effect_size_name": "cramers_v",
      "notes": "dof=6",
      "adjusted_p_value": 4.550116746216102e-47,
      "significant_0_05": true,
      "fdr_significant_0_05": true
    },
    {
      "feature_group": "emotion",
      "feature": "sadness",
      "test": "mann_whitney_u",
      "statistic_name": "u",
      "covid_n": 4255,
      "climate_n": 4588,