{
  "covid": {
    "neg": 0.09783877790834321,
    "neu": 0.8453396004700379,
    "pos": 0.05682138660399522,
    "compound": -0.09246895417156276
  },
  "climate": {
    "neg": 0.07405013077593713,
    "neu": 0.8349784219703565,
    "pos": 0.09097122929381016,
    "compound": 0.05576399302528341
  }
}