{
  "covid": {
    "neg": 0.09783877790834314,
    "neu": 0.8453396004700353,
    "pos": 0.05682138660399531,
    "compound": -0.09246895417156285
  },
  "climate": {
    "neg": 0.07405013077593722,
    "neu": 0.8349784219703574,
    "pos": 0.09097122929380994,
    "compound": 0.05576399302528334
  }
}