{
  "covid": {
    "neg": 0.09799623706491065,
    "neu": 0.8456234713076201,
    "pos": 0.05637982126058325,
    "compound": -0.09343261994355596
  },
  "climate": {
    "neg": 0.07405013077593722,
    "neu": 0.8349784219703574,
    "pos": 0.09097122929380994,
    "compound": 0.05576399302528334
  }
}