{
  "covid": {
    "neg": 0.09785670516144249,
    "neu": 0.8455243931180794,
    "pos": 0.05661866603818045,
    "compound": -0.09282861183125134
  },
  "climate": {
    "neg": 0.07571766314966778,
    "neu": 0.8308024618991778,
    "pos": 0.09347713950762031,
    "compound": 0.07441270027354427
  }
}