{
  "covid": {
    "neg": 0.09791835294117658,
    "neu": 0.8456320000000025,
    "pos": 0.056449411764705804,
    "compound": -0.09332425882352931
  },
  "climate": {
    "neg": 0.07571766314966778,
    "neu": 0.8308024618991778,
    "pos": 0.09347713950762031,
    "compound": 0.07441270027354427
  }
}