{
  "covid": {
    "neg": 0.1008029231494578,
    "neu": 0.8398748231966053,
    "pos": 0.059321782178217826,
    "compound": -0.09340426685525696
  },
  "climate": {
    "neg": 0.07756525986713561,
    "neu": 0.8263940992575226,
    "pos": 0.09603868698710434,
    "compound": 0.07844525205158265
  }
}