{
  "covid": {
    "neg": 0.09775129655822734,
    "neu": 0.8454170202734583,
    "pos": 0.05683121169259775,
    "compound": -0.09237072135784996
  },
  "climate": {
    "neg": 0.07573153575615474,
    "neu": 0.8307573270808897,
    "pos": 0.09350840171942176,
    "compound": 0.07441270027354427
  }
}