{
  "compound_mwu_p": 3.411665152363657e-52,
  "covid_compound_mean": -0.09246895417156285,
  "climate_compound_mean": 0.05576399302528334
}